<?xml version="1.0"?>
<config xmlns:xsi="http://www.w3.org/2001/XMLSchema-instance" xsi:noNamespaceSchemaLocation="urn:magento:module:Magento_Config:etc/system_file.xsd">
    <system>
        <section id="payment">
            <group id="instamojo" translate="label" type="text" sortOrder="1" showInDefault="1" showInWebsite="1" showInStore="1">
                <label>Instamojo Payment Gateway</label>
                <field id="active" translate="label" type="select" sortOrder="10" showInDefault="1" showInWebsite="1" showInStore="0">
                    <label>Enabled</label>
                    <source_model>Magento\Config\Model\Config\Source\Yesno</source_model>
                </field>
                <field id="title" translate="label" type="text" sortOrder="20" showInDefault="1" showInWebsite="1" showInStore="1">
                    <label>Title</label>
                </field>
                <field id="client_id" translate="label" type="text" sortOrder="30" showInDefault="1" showInWebsite="1" showInStore="1">
                    <label>Client ID</label>
                </field>
                <field id="client_secret" translate="label" type="text" sortOrder="40" showInDefault="1" showInWebsite="1" showInStore="1">
                    <label>Client Secret</label>
                </field>
               
                <field id="instamojo_testmode" translate="label" type="select" sortOrder="85" showInDefault="1" showInWebsite="1" showInStore="0">
                    <label>Test Mode</label>
                    <source_model>Magento\Config\Model\Config\Source\Yesno</source_model>
                </field>
                
                <field id="sort_order" translate="label" type="text" sortOrder="160" showInDefault="1" showInWebsite="1"
                       showInStore="0">
                    <label>Sort Order</label>
                    <frontend_class>validate-number</frontend_class>
                </field>
            </group>
        </section>
    </system>
</config>
